"symbol","name","industry","snapshot_date"
"000001.SZ","平安银行","未知","2026-07-01"
"000002.SZ","万科A","未知","2026-07-01"
"000063.SZ","中兴通讯","未知","2026-07-01"
"000100.SZ","TCL科技","未知","2026-07-01"
"000157.SZ","中联重科","未知","2026-07-01"
"000166.SZ","申万宏源","未知","2026-07-01"
"000301.SZ","东方盛虹","未知","2026-07-01"
"000333.SZ","美的集团","未知","2026-07-01"
"000338.SZ","潍柴动力","未知","2026-07-01"
"000408.SZ","藏格矿业","未知","2026-07-01"
"000425.SZ","徐工机械","未知","2026-07-01"
"000538.SZ","云南白药","未知","2026-07-01"
"000568.SZ","泸州老窖","未知","2026-07-01"
"000596.SZ","古井贡酒","未知","2026-07-01"
"000617.SZ","中油资本","未知","2026-07-01"
"000625.SZ","长安汽车","未知","2026-07-01"
"000630.SZ","铜陵有色","未知","2026-07-01"
"000651.SZ","格力电器","未知","2026-07-01"
"000661.SZ","长春高新","未知","2026-07-01"
"000708.SZ","中信特钢","未知","2026-07-01"
"000725.SZ","京东方A","未知","2026-07-01"
"000768.SZ","中航西飞","未知","2026-07-01"
"000776.SZ","广发证券","未知","2026-07-01"
"000786.SZ","北新建材","未知","2026-07-01"
"000792.SZ","盐湖股份","未知","2026-07-01"
"000807.SZ","云铝股份","未知","2026-07-01"
"000858.SZ","五 粮 液","未知","2026-07-01"
"000876.SZ","新 希 望","未知","2026-07-01"
"000895.SZ","双汇发展","未知","2026-07-01"
"000938.SZ","紫光股份","未知","2026-07-01"
"000963.SZ","华东医药","未知","2026-07-01"
"000975.SZ","山金国际","未知","2026-07-01"
"000977.SZ","浪潮信息","未知","2026-07-01"
"000983.SZ","山西焦煤","未知","2026-07-01"
"000999.SZ","华润三九","未知","2026-07-01"
"001391.SZ","国货航","未知","2026-07-01"
"001965.SZ","招商公路","未知","2026-07-01"
"001979.SZ","招商蛇口","未知","2026-07-01"
"002001.SZ","新和成","未知","2026-07-01"
"002027.SZ","分众传媒","未知","2026-07-01"
"002028.SZ","思源电气","未知","2026-07-01"
"002049.SZ","紫光国微","未知","2026-07-01"
"002050.SZ","三花智控","未知","2026-07-01"
"002074.SZ","国轩高科","未知","2026-07-01"
"002142.SZ","宁波银行","未知","2026-07-01"
"002179.SZ","中航光电","未知","2026-07-01"
"002230.SZ","科大讯飞","未知","2026-07-01"
"002236.SZ","大华股份","未知","2026-07-01"
"002241.SZ","歌尔股份","未知","2026-07-01"
"002252.SZ","上海莱士","未知","2026-07-01"
"002304.SZ","洋河股份","未知","2026-07-01"
"002311.SZ","海大集团","未知","2026-07-01"
"002352.SZ","顺丰控股","未知","2026-07-01"
"002371.SZ","北方华创","未知","2026-07-01"
"002384.SZ","东山精密","未知","2026-07-01"
"002415.SZ","海康威视","未知","2026-07-01"
"002422.SZ","科伦药业","未知","2026-07-01"
"002459.SZ","晶澳科技","未知","2026-07-01"
"002460.SZ","赣锋锂业","未知","2026-07-01"
"002463.SZ","沪电股份","未知","2026-07-01"
"002466.SZ","天齐锂业","未知","2026-07-01"
"002475.SZ","立讯精密","未知","2026-07-01"
"002493.SZ","荣盛石化","未知","2026-07-01"
"002594.SZ","比亚迪","未知","2026-07-01"
"002600.SZ","领益智造","未知","2026-07-01"
"002601.SZ","龙佰集团","未知","2026-07-01"
"002625.SZ","光启技术","未知","2026-07-01"
"002648.SZ","卫星化学","未知","2026-07-01"
"002709.SZ","天赐材料","未知","2026-07-01"
"002714.SZ","牧原股份","未知","2026-07-01"
"002736.SZ","国信证券","未知","2026-07-01"
"002916.SZ","深南电路","未知","2026-07-01"
"002920.SZ","德赛西威","未知","2026-07-01"
"002938.SZ","鹏鼎控股","未知","2026-07-01"
"003816.SZ","中国广核","未知","2026-07-01"
"300014.SZ","亿纬锂能","未知","2026-07-01"
"300015.SZ","爱尔眼科","未知","2026-07-01"
"300033.SZ","同花顺","未知","2026-07-01"
"300059.SZ","东方财富","未知","2026-07-01"
"300122.SZ","智飞生物","未知","2026-07-01"
"300124.SZ","汇川技术","未知","2026-07-01"
"300251.SZ","光线传媒","未知","2026-07-01"
"300274.SZ","阳光电源","未知","2026-07-01"
"300308.SZ","中际旭创","未知","2026-07-01"
"300316.SZ","晶盛机电","未知","2026-07-01"
"300347.SZ","泰格医药","未知","2026-07-01"
"300394.SZ","天孚通信","未知","2026-07-01"
"300408.SZ","三环集团","未知","2026-07-01"
"300413.SZ","芒果超媒","未知","2026-07-01"
"300418.SZ","昆仑万维","未知","2026-07-01"
"300433.SZ","蓝思科技","未知","2026-07-01"
"300442.SZ","润泽科技","未知","2026-07-01"
"300476.SZ","胜宏科技","未知","2026-07-01"
"300498.SZ","温氏股份","未知","2026-07-01"
"300502.SZ","新易盛","未知","2026-07-01"
"300628.SZ","亿联网络","未知","2026-07-01"
"300661.SZ","圣邦股份","未知","2026-07-01"
"300750.SZ","宁德时代","未知","2026-07-01"
"300759.SZ","康龙化成","未知","2026-07-01"
"300760.SZ","迈瑞医疗","未知","2026-07-01"
"300782.SZ","卓胜微","未知","2026-07-01"
"300803.SZ","指南针","未知","2026-07-01"
"300832.SZ","新产业","未知","2026-07-01"
"300866.SZ","安克创新","未知","2026-07-01"
"300896.SZ","爱美客","未知","2026-07-01"
"300979.SZ","华利集团","未知","2026-07-01"
"300999.SZ","金龙鱼","未知","2026-07-01"
"301236.SZ","软通动力","未知","2026-07-01"
"301269.SZ","华大九天","未知","2026-07-01"
"302132.SZ","中航成飞","未知","2026-07-01"
"600000.SH","浦发银行","未知","2026-07-01"
"600009.SH","上海机场","未知","2026-07-01"
"600010.SH","包钢股份","未知","2026-07-01"
"600011.SH","华能国际","未知","2026-07-01"
"600015.SH","华夏银行","未知","2026-07-01"
"600016.SH","民生银行","未知","2026-07-01"
"600018.SH","上港集团","未知","2026-07-01"
"600019.SH","宝钢股份","未知","2026-07-01"
"600023.SH","浙能电力","未知","2026-07-01"
"600025.SH","华能水电","未知","2026-07-01"
"600026.SH","中远海能","未知","2026-07-01"
"600027.SH","华电国际","未知","2026-07-01"
"600028.SH","中国石化","未知","2026-07-01"
"600029.SH","南方航空","未知","2026-07-01"
"600030.SH","中信证券","未知","2026-07-01"
"600031.SH","三一重工","未知","2026-07-01"
"600036.SH","招商银行","未知","2026-07-01"
"600039.SH","四川路桥","未知","2026-07-01"
"600048.SH","保利发展","未知","2026-07-01"
"600050.SH","中国联通","未知","2026-07-01"
"600061.SH","国投资本","未知","2026-07-01"
"600066.SH","宇通客车","未知","2026-07-01"
"600085.SH","同仁堂","未知","2026-07-01"
"600089.SH","特变电工","未知","2026-07-01"
"600104.SH","上汽集团","未知","2026-07-01"
"600111.SH","北方稀土","未知","2026-07-01"
"600115.SH","中国东航","未知","2026-07-01"
"600150.SH","中国船舶","未知","2026-07-01"
"600160.SH","巨化股份","未知","2026-07-01"
"600161.SH","天坛生物","未知","2026-07-01"
"600176.SH","中国巨石","未知","2026-07-01"
"600183.SH","生益科技","未知","2026-07-01"
"600188.SH","兖矿能源","未知","2026-07-01"
"600196.SH","复星医药","未知","2026-07-01"
"600219.SH","南山铝业","未知","2026-07-01"
"600233.SH","圆通速递","未知","2026-07-01"
"600276.SH","恒瑞医药","未知","2026-07-01"
"600309.SH","万华化学","未知","2026-07-01"
"600346.SH","恒力石化","未知","2026-07-01"
"600362.SH","江西铜业","未知","2026-07-01"
"600372.SH","中航机载","未知","2026-07-01"
"600377.SH","宁沪高速","未知","2026-07-01"
"600406.SH","国电南瑞","未知","2026-07-01"
"600415.SH","小商品城","未知","2026-07-01"
"600426.SH","华鲁恒升","未知","2026-07-01"
"600436.SH","片仔癀","未知","2026-07-01"
"600438.SH","通威股份","未知","2026-07-01"
"600460.SH","士兰微","未知","2026-07-01"
"600482.SH","中国动力","未知","2026-07-01"
"600489.SH","中金黄金","未知","2026-07-01"
"600515.SH","海南机场","未知","2026-07-01"
"600519.SH","贵州茅台","未知","2026-07-01"
"600522.SH","中天科技","未知","2026-07-01"
"600547.SH","山东黄金","未知","2026-07-01"
"600570.SH","恒生电子","未知","2026-07-01"
"600584.SH","长电科技","未知","2026-07-01"
"600585.SH","海螺水泥","未知","2026-07-01"
"600588.SH","用友网络","未知","2026-07-01"
"600600.SH","青岛啤酒","未知","2026-07-01"
"600660.SH","福耀玻璃","未知","2026-07-01"
"600674.SH","川投能源","未知","2026-07-01"
"600690.SH","海尔智家","未知","2026-07-01"
"600741.SH","华域汽车","未知","2026-07-01"
"600760.SH","中航沈飞","未知","2026-07-01"
"600795.SH","国电电力","未知","2026-07-01"
"600803.SH","新奥股份","未知","2026-07-01"
"600809.SH","山西汾酒","未知","2026-07-01"
"600845.SH","宝信软件","未知","2026-07-01"
"600875.SH","东方电气","未知","2026-07-01"
"600886.SH","国投电力","未知","2026-07-01"
"600887.SH","伊利股份","未知","2026-07-01"
"600893.SH","航发动力","未知","2026-07-01"
"600900.SH","长江电力","未知","2026-07-01"
"600905.SH","三峡能源","未知","2026-07-01"
"600918.SH","中泰证券","未知","2026-07-01"
"600919.SH","江苏银行","未知","2026-07-01"
"600926.SH","杭州银行","未知","2026-07-01"
"600930.SH","华电新能","未知","2026-07-01"
"600938.SH","中国海油","未知","2026-07-01"
"600941.SH","中国移动","未知","2026-07-01"
"600958.SH","东方证券","未知","2026-07-01"
"600989.SH","宝丰能源","未知","2026-07-01"
"600999.SH","招商证券","未知","2026-07-01"
"601006.SH","大秦铁路","未知","2026-07-01"
"601009.SH","南京银行","未知","2026-07-01"
"601012.SH","隆基绿能","未知","2026-07-01"
"601018.SH","宁波港","未知","2026-07-01"
"601021.SH","春秋航空","未知","2026-07-01"
"601058.SH","赛轮轮胎","未知","2026-07-01"
"601059.SH","信达证券","未知","2026-07-01"
"601066.SH","中信建投","未知","2026-07-01"
"601077.SH","渝农商行","未知","2026-07-01"
"601088.SH","中国神华","未知","2026-07-01"
"601100.SH","恒立液压","未知","2026-07-01"
"601111.SH","中国国航","未知","2026-07-01"
"601117.SH","中国化学","未知","2026-07-01"
"601127.SH","赛力斯","未知","2026-07-01"
"601136.SH","首创证券","未知","2026-07-01"
"601138.SH","工业富联","未知","2026-07-01"
"601166.SH","兴业银行","未知","2026-07-01"
"601169.SH","北京银行","未知","2026-07-01"
"601186.SH","中国铁建","未知","2026-07-01"
"601211.SH","国泰海通","未知","2026-07-01"
"601225.SH","陕西煤业","未知","2026-07-01"
"601229.SH","上海银行","未知","2026-07-01"
"601236.SH","红塔证券","未知","2026-07-01"
"601238.SH","广汽集团","未知","2026-07-01"
"601288.SH","农业银行","未知","2026-07-01"
"601298.SH","青岛港","未知","2026-07-01"
"601318.SH","中国平安","未知","2026-07-01"
"601319.SH","中国人保","未知","2026-07-01"
"601328.SH","交通银行","未知","2026-07-01"
"601336.SH","新华保险","未知","2026-07-01"
"601360.SH","三六零","未知","2026-07-01"
"601377.SH","兴业证券","未知","2026-07-01"
"601390.SH","中国中铁","未知","2026-07-01"
"601398.SH","工商银行","未知","2026-07-01"
"601456.SH","国联民生","未知","2026-07-01"
"601600.SH","中国铝业","未知","2026-07-01"
"601601.SH","中国太保","未知","2026-07-01"
"601607.SH","上海医药","未知","2026-07-01"
"601618.SH","中国中冶","未知","2026-07-01"
"601628.SH","中国人寿","未知","2026-07-01"
"601633.SH","长城汽车","未知","2026-07-01"
"601658.SH","邮储银行","未知","2026-07-01"
"601668.SH","中国建筑","未知","2026-07-01"
"601669.SH","中国电建","未知","2026-07-01"
"601688.SH","华泰证券","未知","2026-07-01"
"601689.SH","拓普集团","未知","2026-07-01"
"601698.SH","中国卫通","未知","2026-07-01"
"601728.SH","中国电信","未知","2026-07-01"
"601766.SH","中国中车","未知","2026-07-01"
"601788.SH","光大证券","未知","2026-07-01"
"601800.SH","中国交建","未知","2026-07-01"
"601808.SH","中海油服","未知","2026-07-01"
"601816.SH","京沪高铁","未知","2026-07-01"
"601818.SH","光大银行","未知","2026-07-01"
"601825.SH","沪农商行","未知","2026-07-01"
"601838.SH","成都银行","未知","2026-07-01"
"601857.SH","中国石油","未知","2026-07-01"
"601868.SH","中国能建","未知","2026-07-01"
"601872.SH","招商轮船","未知","2026-07-01"
"601877.SH","正泰电器","未知","2026-07-01"
"601878.SH","浙商证券","未知","2026-07-01"
"601881.SH","中国银河","未知","2026-07-01"
"601888.SH","中国中免","未知","2026-07-01"
"601898.SH","中煤能源","未知","2026-07-01"
"601899.SH","紫金矿业","未知","2026-07-01"
"601901.SH","方正证券","未知","2026-07-01"
"601916.SH","浙商银行","未知","2026-07-01"
"601919.SH","中远海控","未知","2026-07-01"
"601939.SH","建设银行","未知","2026-07-01"
"601985.SH","中国核电","未知","2026-07-01"
"601988.SH","中国银行","未知","2026-07-01"
"601995.SH","中金公司","未知","2026-07-01"
"601998.SH","中信银行","未知","2026-07-01"
"603019.SH","中科曙光","未知","2026-07-01"
"603195.SH","公牛集团","未知","2026-07-01"
"603259.SH","药明康德","未知","2026-07-01"
"603260.SH","合盛硅业","未知","2026-07-01"
"603288.SH","海天味业","未知","2026-07-01"
"603296.SH","华勤技术","未知","2026-07-01"
"603369.SH","今世缘","未知","2026-07-01"
"603392.SH","万泰生物","未知","2026-07-01"
"603501.SH","豪威集团","未知","2026-07-01"
"603799.SH","华友钴业","未知","2026-07-01"
"603893.SH","瑞芯微","未知","2026-07-01"
"603986.SH","兆易创新","未知","2026-07-01"
"603993.SH","洛阳钼业","未知","2026-07-01"
"605117.SH","德业股份","未知","2026-07-01"
"605499.SH","东鹏饮料","未知","2026-07-01"
"688008.SH","澜起科技","未知","2026-07-01"
"688009.SH","中国通号","未知","2026-07-01"
"688012.SH","中微公司","未知","2026-07-01"
"688036.SH","传音控股","未知","2026-07-01"
"688041.SH","海光信息","未知","2026-07-01"
"688047.SH","龙芯中科","未知","2026-07-01"
"688082.SH","盛美上海","未知","2026-07-01"
"688111.SH","金山办公","未知","2026-07-01"
"688126.SH","沪硅产业","未知","2026-07-01"
"688169.SH","石头科技","未知","2026-07-01"
"688187.SH","时代电气","未知","2026-07-01"
"688223.SH","晶科能源","未知","2026-07-01"
"688256.SH","寒武纪","未知","2026-07-01"
"688271.SH","联影医疗","未知","2026-07-01"
"688303.SH","大全能源","未知","2026-07-01"
"688396.SH","华润微","未知","2026-07-01"
"688472.SH","阿特斯","未知","2026-07-01"
"688506.SH","百利天恒","未知","2026-07-01"
"688981.SH","中芯国际","未知","2026-07-01"
